{"bet_multipliers": [2.700262260176365, 2.671695626917508, 2.328507192839725, 2.5518649771011312, 2.158162090289568], "session_history": [{"rounds": [1, 2, 3, 4, 5, 6, 7, 8, 9, 10, 11, 12, 13, 14, 15, 16, 17, 18, 19, 20, 21, 22, 23, 24, 25], "bankroll": [101.35006362690683, 99.99993249681864, 96.3544066453591, 86.61467117019993, 112.90964566012069, 111.74539206370082, 114.89166189208902, 116.16759438063958, 117.5189477900946, 116.1675268129691, 112.55825754654161, 104.76886944209058, 125.82130173449609, 126.98549711823613, 128.14975071174536, 126.87375442657036, 123.46638405955144, 130.8173874802073, 129.6530756740184, 132.80232028362232, 131.44975679370057, 128.30030299439267, 120.2633221670332, 98.52335554714199, 156.56950099128477], "bet_amounts": [1.3500636269068371, 1.3501311300881824, 3.645525851459542, 9.739735475159183, 26.294974489920765, 1.1642535964198626, 3.146269828388201, 1.2759324885505656, 1.3513534094550206, 1.3514209771254933, 3.609269266427487, 7.789388104451041, 21.05243229240551, 1.1641953837400416, 1.1642535935092286, 1.275996285174993, 3.4073703670189093, 7.3510034206558315, 1.1643118061889042, 3.149244609603938, 1.3525634899217376, 3.1494537993078984, 8.036980827359468, 21.739966619891202, 58.04614544414277], "rewards": [1.3500636269068371, -1.3501311300881824, -3.645525851459542, -9.739735475159183, 26.294974489920765, -1.1642535964198626, 3.146269828388201, 1.2759324885505656, 1.3513534094550206, -1.3514209771254933, -3.609269266427487, -7.789388104451041, 21.05243229240551, 1.1641953837400416, 1.1642535935092286, -1.275996285174993, -3.4073703670189093, 7.3510034206558315, -1.1643118061889042, 3.149244609603938, -1.3525634899217376, -3.1494537993078984, -8.036980827359468, -21.739966619891202, 68.04614544414278], "bet_multipliers": [2.7001272538136742, 2.700262260176365, 2.700127247063356, 2.671695626917508, 2.6997626944782103, 2.328507192839725, 2.7023921919272023, 2.5518649771011312, 2.702706818910041, 2.7028419542509865, 2.670721653369992, 2.158162090289568, 2.702706812153274, 2.3283907674800832, 2.3285071870184573, 2.551992570349986, 2.670360726443349, 2.1573831514791233, 2.3286236123778083, 2.7048120553825146, 2.705126979843475, 2.3285071811971894, 2.5518649707214687, 2.704991723494483, 2.670019989406647]}]}