{"bet_multipliers": [2.06595629877369, 2.6460734768453333, 1.7635256179515466, 2.3766147342806603, 2.522328319756588], "session_history": [{"rounds": [1, 2, 3, 4, 5, 6, 7, 8, 9, 10, 11, 12, 13, 14, 15, 16, 17, 18, 19, 20, 21, 22, 23, 24, 25, 26, 27, 28, 29, 30, 31, 32, 33, 34, 35, 36, 37, 38, 39, 40, 41, 42, 43, 44, 45, 46, 47, 48, 49, 50, 51, 52, 53, 54, 55, 56, 57], "bankroll": [98.96702184544826, 101.10110957034004, 102.13408773039733, 101.10110956517515, 103.23519733415625, 104.26817550488397, 103.23519732899136, 105.36928514206178, 106.40226332345995, 107.435241510023, 108.46821970175095, 107.43524150485813, 105.30115360501662, 100.89222113102642, 89.22586185039886, 118.65225025238087, 117.61927209336802, 115.48518435004334, 119.89411633899817, 120.92709450422035, 121.96007267460742, 120.92709449905546, 118.7930066873926, 113.146053780663, 124.81241182386296, 125.84539004191137, 124.81241181869807, 122.35742055321828, 127.42932555869776, 128.46230380210568, 127.42932555353285, 125.29523744015411, 130.94219102473517, 129.90921279199767, 127.77512474404915, 133.42207827600802, 134.4550564929102, 133.42207827084314, 131.28799026698394, 135.6969230633182, 136.7299012915946, 137.76287952503586, 136.72990128642968, 134.5958132142323, 128.94885949759822, 143.89111329336293, 142.85813507059208, 144.99222307735926, 143.95924484908286, 141.22590852324274, 146.87286232530764, 147.9058405766539, 146.87286232014273, 149.32785363939917, 148.2948753880529, 145.6893647870214, 151.07223632914244], "bet_amounts": [1.0329781545517358, 2.134087724891781, 1.0329781600572836, 1.0329781652221743, 2.1340877689811006, 1.0329781707277224, 1.0329781758926133, 2.134087813070422, 1.0329781813981613, 1.0329781865630523, 1.0329781917279433, 1.0329781968928342, 2.1340878998415023, 4.408932473990207, 11.666359280627564, 29.426388401982003, 1.0329781590128415, 2.13408774332468, 4.40893198895483, 1.032978165222172, 1.0329781703870626, 1.0329781755519536, 2.134087811662846, 5.646952906729604, 11.66635804319997, 1.032978218048414, 1.0329782232133051, 2.454991265479798, 5.0719050054794845, 1.0329782434079389, 1.03297824857283, 2.1340881133787426, 5.646953584581049, 1.0329782327374983, 2.1340880479485302, 5.646953531958872, 1.0329782169021668, 1.032978222067058, 2.1340880038592003, 4.408932796334246, 1.0329782282763906, 1.0329782334412818, 1.032978238606173, 2.134088072197383, 5.646953716634077, 14.942253795764728, 1.0329782227708415, 2.1340880067671724, 1.0329782282763904, 2.733336325840123, 5.646953802064888, 1.0329782513462682, 1.0329782565111594, 2.4549913192564428, 1.0329782513462682, 2.6055106010315234, 5.382871542121057], "rewards": [-1.0329781545517358, 2.134087724891781, 1.0329781600572836, -1.0329781652221743, 2.1340877689811006, 1.0329781707277224, -1.0329781758926133, 2.134087813070422, 1.0329781813981613, 1.0329781865630523, 1.0329781917279433, -1.0329781968928342, -2.1340878998415023, -4.408932473990207, -11.666359280627564, 29.426388401982003, -1.0329781590128415, -2.13408774332468, 4.40893198895483, 1.032978165222172, 1.0329781703870626, -1.0329781755519536, -2.134087811662846, -5.646952906729604, 11.66635804319997, 1.032978218048414, -1.0329782232133051, -2.454991265479798, 5.0719050054794845, 1.0329782434079389, -1.03297824857283, -2.1340881133787426, 5.646953584581049, -1.0329782327374983, -2.1340880479485302, 5.646953531958872, 1.0329782169021668, -1.032978222067058, -2.1340880038592003, 4.408932796334246, 1.0329782282763906, 1.0329782334412818, -1.032978238606173, -2.134088072197383, -5.646953716634077, 14.942253795764728, -1.0329782227708415, 2.1340880067671724, -1.0329782282763904, -2.733336325840123, 5.646953802064888, 1.0329782513462682, -1.0329782565111594, 2.4549913192564428, -1.0329782513462682, -2.6055106010315234, 15.382871542121057], "bet_multipliers": [2.0659563091034716, 2.06595629877369, 2.065956320114567, 2.0659563304443487, 2.065956320114567, 2.0659563414554447, 2.0659563517852266, 2.0659563414554447, 2.0659563627963227, 2.0659563731261046, 2.0659563834558865, 2.0659563937856684, 2.0659563834558865, 2.0659563621150077, 2.6460734768453333, 2.522328319756588, 2.065956318025683, 2.0659563076959016, 2.065956286355024, 2.065956330444344, 2.0659563407741253, 2.065956351103907, 2.0659563407741253, 2.6460733601817403, 2.0659563194332473, 2.065956436096828, 2.0659564464266102, 2.3766147342806603, 2.065956436096828, 2.0659564868158777, 2.06595649714566, 2.0659564868158777, 2.6460733037122113, 2.0659564654749967, 2.0659564551452143, 2.646073360181747, 2.0659564338043337, 2.065956444134116, 2.0659564338043337, 2.0659564124634535, 2.0659564565527813, 2.0659564668825636, 2.065956477212346, 2.0659564668825636, 2.6460734166512823, 2.646073360181745, 2.065956445541683, 2.0659564352119006, 2.065956456552781, 2.646073509604283, 2.0659564462229985, 2.0659565026925364, 2.0659565130223188, 2.3766147097307475, 2.0659565026925364, 2.522328614020472, 2.065956492362754]}]}